{
    "PixelVision8.Chips.ColorChip":
    {
        "pages":1,
        "colorsPerPage":64,
        "supportedColors":16,
        "backgroundColor":-1,
        "transparent":"#FF00FF"
    },
    "PixelVision8.Chips.SpriteChip":
    {
        "spriteWidth":8,
        "spriteHeight":8,
        "pages":1,
        "cps":8
    },
    "PixelVision8.Chips.DisplayChip":
    {
        "wrapMode":1,
        "width":128,
        "height":128,
        "overscanX":0,
        "overscanY":0,
        "maxSpriteCount":128
    },
    "PixelVision8.Chips.TileMapChip":
    {
        "columns":16,
        "rows":16,
        "totalFlags":16
    },
    "PixelVision8.Chips.SoundChip":
    {
        "totalChannels":5,
        "sounds": [
            {
                "name":"Untitled00",
                "settings":"0,.5,,.18,,,,,,,,,,,,,,,,,,,,,,,,,,,,"
            },
            {
                "name":"Untitled01",
                "settings":"0,.5,,.18,,,,,,,,,,,,,,,,,,,,,,,,,,,,"
            },
            {
                "name":"Untitled02",
                "settings":"0,.5,,.18,,,,,,,,,,,,,,,,,,,,,,,,,,,,"
            },
            {
                "name":"Untitled03",
                "settings":"0,.5,,.18,,,,,,,,,,,,,,,,,,,,,,,,,,,,"
            },
            {
                "name":"Untitled04",
                "settings":"0,.5,,.18,,,,,,,,,,,,,,,,,,,,,,,,,,,,"
            },
            {
                "name":"Untitled05",
                "settings":"0,.5,,.18,,,,,,,,,,,,,,,,,,,,,,,,,,,,"
            },
            {
                "name":"Untitled06",
                "settings":"0,.5,,.18,,,,,,,,,,,,,,,,,,,,,,,,,,,,"
            },
            {
                "name":"Untitled07",
                "settings":"0,.5,,.18,,,,,,,,,,,,,,,,,,,,,,,,,,,,"
            },
            {
                "name":"Untitled08",
                "settings":"0,.5,,.18,,,,,,,,,,,,,,,,,,,,,,,,,,,,"
            },
            {
                "name":"Untitled09",
                "settings":"0,.5,,.18,,,,,,,,,,,,,,,,,,,,,,,,,,,,"
            },
            {
                "name":"Untitled10",
                "settings":"0,.5,,.18,,,,,,,,,,,,,,,,,,,,,,,,,,,,"
            },
            {
                "name":"Untitled11",
                "settings":"0,.5,,.18,,,,,,,,,,,,,,,,,,,,,,,,,,,,"
            },
            {
                "name":"Untitled12",
                "settings":"0,.5,,.18,,,,,,,,,,,,,,,,,,,,,,,,,,,,"
            },
            {
                "name":"Untitled13",
                "settings":"0,.5,,.18,,,,,,,,,,,,,,,,,,,,,,,,,,,,"
            },
            {
                "name":"Untitled14",
                "settings":"0,.5,,.18,,,,,,,,,,,,,,,,,,,,,,,,,,,,"
            },
            {
                "name":"Untitled15",
                "settings":"0,.5,,.18,,,,,,,,,,,,,,,,,,,,,,,,,,,,"
            },
            {
                "name":"Untitled16",
                "settings":"0,.5,,.18,,,,,,,,,,,,,,,,,,,,,,,,,,,,"
            },
            {
                "name":"Untitled17",
                "settings":"0,.5,,.18,,,,,,,,,,,,,,,,,,,,,,,,,,,,"
            },
            {
                "name":"Untitled18",
                "settings":"0,.5,,.18,,,,,,,,,,,,,,,,,,,,,,,,,,,,"
            },
            {
                "name":"Untitled19",
                "settings":"0,.5,,.18,,,,,,,,,,,,,,,,,,,,,,,,,,,,"
            },
            {
                "name":"Untitled20",
                "settings":"0,.5,,.18,,,,,,,,,,,,,,,,,,,,,,,,,,,,"
            },
            {
                "name":"Untitled21",
                "settings":"0,.5,,.18,,,,,,,,,,,,,,,,,,,,,,,,,,,,"
            },
            {
                "name":"Untitled22",
                "settings":"0,.5,,.18,,,,,,,,,,,,,,,,,,,,,,,,,,,,"
            },
            {
                "name":"Untitled23",
                "settings":"0,.5,,.18,,,,,,,,,,,,,,,,,,,,,,,,,,,,"
            },
            {
                "name":"Untitled24",
                "settings":"0,.5,,.18,,,,,,,,,,,,,,,,,,,,,,,,,,,,"
            },
            {
                "name":"Untitled25",
                "settings":"0,.5,,.18,,,,,,,,,,,,,,,,,,,,,,,,,,,,"
            },
            {
                "name":"Untitled26",
                "settings":"0,.5,,.18,,,,,,,,,,,,,,,,,,,,,,,,,,,,"
            },
            {
                "name":"Untitled27",
                "settings":"0,.5,,.18,,,,,,,,,,,,,,,,,,,,,,,,,,,,"
            },
            {
                "name":"Untitled28",
                "settings":"0,.5,,.18,,,,,,,,,,,,,,,,,,,,,,,,,,,,"
            },
            {
                "name":"Untitled29",
                "settings":"0,.5,,.18,,,,,,,,,,,,,,,,,,,,,,,,,,,,"
            },
            {
                "name":"Untitled30",
                "settings":"0,.5,,.18,,,,,,,,,,,,,,,,,,,,,,,,,,,,"
            },
            {
                "name":"Untitled31",
                "settings":"0,.5,,.18,,,,,,,,,,,,,,,,,,,,,,,,,,,,"
            }
        ]
    },
    "PixelVision8.Chips.MusicChip":
    {
        "totalTracks":4,
        "notesPerTrack":127,
        "songs":[
            {
                "songName":"Untitled0",
                "speedInBPM":120,
                "tracks":
                [
                    {
                        "sfxID":0,
                        "notes":[0,0,0,0,0,0,0,0,0,0,0,0,0,0,0,0,0,0,0,0,0,0,0,0,0,0,0,0,0,0,0,0]
                    },
                    {
                        "sfxID":1,
                        "notes":[0,0,0,0,0,0,0,0,0,0,0,0,0,0,0,0,0,0,0,0,0,0,0,0,0,0,0,0,0,0,0,0]
                    },
                    {
                        "sfxID":2,
                        "notes":[0,0,0,0,0,0,0,0,0,0,0,0,0,0,0,0,0,0,0,0,0,0,0,0,0,0,0,0,0,0,0,0]
                    },
                    {
                        "sfxID":3,
                        "notes":[0,0,0,0,0,0,0,0,0,0,0,0,0,0,0,0,0,0,0,0,0,0,0,0,0,0,0,0,0,0,0,0]
                    }
                ]
            },
            {
                "songName":"Untitled1",
                "speedInBPM":120,
                "tracks":
                [
                    {
                        "sfxID":0,
                        "notes":[0,0,0,0,0,0,0,0,0,0,0,0,0,0,0,0,0,0,0,0,0,0,0,0,0,0,0,0,0,0,0,0]
                    },
                    {
                        "sfxID":1,
                        "notes":[0,0,0,0,0,0,0,0,0,0,0,0,0,0,0,0,0,0,0,0,0,0,0,0,0,0,0,0,0,0,0,0]
                    },
                    {
                        "sfxID":2,
                        "notes":[0,0,0,0,0,0,0,0,0,0,0,0,0,0,0,0,0,0,0,0,0,0,0,0,0,0,0,0,0,0,0,0]
                    },
                    {
                        "sfxID":3,
                        "notes":[0,0,0,0,0,0,0,0,0,0,0,0,0,0,0,0,0,0,0,0,0,0,0,0,0,0,0,0,0,0,0,0]
                    }
                ]
            },
            {
                "songName":"Untitled2",
                "speedInBPM":120,
                "tracks":
                [
                    {
                        "sfxID":0,
                        "notes":[0,0,0,0,0,0,0,0,0,0,0,0,0,0,0,0,0,0,0,0,0,0,0,0,0,0,0,0,0,0,0,0]
                    },
                    {
                        "sfxID":1,
                        "notes":[0,0,0,0,0,0,0,0,0,0,0,0,0,0,0,0,0,0,0,0,0,0,0,0,0,0,0,0,0,0,0,0]
                    },
                    {
                        "sfxID":2,
                        "notes":[0,0,0,0,0,0,0,0,0,0,0,0,0,0,0,0,0,0,0,0,0,0,0,0,0,0,0,0,0,0,0,0]
                    },
                    {
                        "sfxID":3,
                        "notes":[0,0,0,0,0,0,0,0,0,0,0,0,0,0,0,0,0,0,0,0,0,0,0,0,0,0,0,0,0,0,0,0]
                    }
                ]
            },
            {
                "songName":"Untitled3",
                "speedInBPM":120,
                "tracks":
                [
                    {
                        "sfxID":0,
                        "notes":[0,0,0,0,0,0,0,0,0,0,0,0,0,0,0,0,0,0,0,0,0,0,0,0,0,0,0,0,0,0,0,0]
                    },
                    {
                        "sfxID":1,
                        "notes":[0,0,0,0,0,0,0,0,0,0,0,0,0,0,0,0,0,0,0,0,0,0,0,0,0,0,0,0,0,0,0,0]
                    },
                    {
                        "sfxID":2,
                        "notes":[0,0,0,0,0,0,0,0,0,0,0,0,0,0,0,0,0,0,0,0,0,0,0,0,0,0,0,0,0,0,0,0]
                    },
                    {
                        "sfxID":3,
                        "notes":[0,0,0,0,0,0,0,0,0,0,0,0,0,0,0,0,0,0,0,0,0,0,0,0,0,0,0,0,0,0,0,0]
                    }
                ]
            },
            {
                "songName":"Untitled4",
                "speedInBPM":120,
                "tracks":
                [
                    {
                        "sfxID":0,
                        "notes":[0,0,0,0,0,0,0,0,0,0,0,0,0,0,0,0,0,0,0,0,0,0,0,0,0,0,0,0,0,0,0,0]
                    },
                    {
                        "sfxID":1,
                        "notes":[0,0,0,0,0,0,0,0,0,0,0,0,0,0,0,0,0,0,0,0,0,0,0,0,0,0,0,0,0,0,0,0]
                    },
                    {
                        "sfxID":2,
                        "notes":[0,0,0,0,0,0,0,0,0,0,0,0,0,0,0,0,0,0,0,0,0,0,0,0,0,0,0,0,0,0,0,0]
                    },
                    {
                        "sfxID":3,
                        "notes":[0,0,0,0,0,0,0,0,0,0,0,0,0,0,0,0,0,0,0,0,0,0,0,0,0,0,0,0,0,0,0,0]
                    }
                ]
            },
            {
                "songName":"Untitled5",
                "speedInBPM":120,
                "tracks":
                [
                    {
                        "sfxID":0,
                        "notes":[0,0,0,0,0,0,0,0,0,0,0,0,0,0,0,0,0,0,0,0,0,0,0,0,0,0,0,0,0,0,0,0]
                    },
                    {
                        "sfxID":1,
                        "notes":[0,0,0,0,0,0,0,0,0,0,0,0,0,0,0,0,0,0,0,0,0,0,0,0,0,0,0,0,0,0,0,0]
                    },
                    {
                        "sfxID":2,
                        "notes":[0,0,0,0,0,0,0,0,0,0,0,0,0,0,0,0,0,0,0,0,0,0,0,0,0,0,0,0,0,0,0,0]
                    },
                    {
                        "sfxID":3,
                        "notes":[0,0,0,0,0,0,0,0,0,0,0,0,0,0,0,0,0,0,0,0,0,0,0,0,0,0,0,0,0,0,0,0]
                    }
                ]
            },
            {
                "songName":"Untitled6",
                "speedInBPM":120,
                "tracks":
                [
                    {
                        "sfxID":0,
                        "notes":[0,0,0,0,0,0,0,0,0,0,0,0,0,0,0,0,0,0,0,0,0,0,0,0,0,0,0,0,0,0,0,0]
                    },
                    {
                        "sfxID":1,
                        "notes":[0,0,0,0,0,0,0,0,0,0,0,0,0,0,0,0,0,0,0,0,0,0,0,0,0,0,0,0,0,0,0,0]
                    },
                    {
                        "sfxID":2,
                        "notes":[0,0,0,0,0,0,0,0,0,0,0,0,0,0,0,0,0,0,0,0,0,0,0,0,0,0,0,0,0,0,0,0]
                    },
                    {
                        "sfxID":3,
                        "notes":[0,0,0,0,0,0,0,0,0,0,0,0,0,0,0,0,0,0,0,0,0,0,0,0,0,0,0,0,0,0,0,0]
                    }
                ]
            },
            {
                "songName":"Untitled7",
                "speedInBPM":120,
                "tracks":
                [
                    {
                        "sfxID":0,
                        "notes":[0,0,0,0,0,0,0,0,0,0,0,0,0,0,0,0,0,0,0,0,0,0,0,0,0,0,0,0,0,0,0,0]
                    },
                    {
                        "sfxID":1,
                        "notes":[0,0,0,0,0,0,0,0,0,0,0,0,0,0,0,0,0,0,0,0,0,0,0,0,0,0,0,0,0,0,0,0]
                    },
                    {
                        "sfxID":2,
                        "notes":[0,0,0,0,0,0,0,0,0,0,0,0,0,0,0,0,0,0,0,0,0,0,0,0,0,0,0,0,0,0,0,0]
                    },
                    {
                        "sfxID":3,
                        "notes":[0,0,0,0,0,0,0,0,0,0,0,0,0,0,0,0,0,0,0,0,0,0,0,0,0,0,0,0,0,0,0,0]
                    }
                ]
            },
            {
                "songName":"Untitled8",
                "speedInBPM":120,
                "tracks":
                [
                    {
                        "sfxID":0,
                        "notes":[0,0,0,0,0,0,0,0,0,0,0,0,0,0,0,0,0,0,0,0,0,0,0,0,0,0,0,0,0,0,0,0]
                    },
                    {
                        "sfxID":1,
                        "notes":[0,0,0,0,0,0,0,0,0,0,0,0,0,0,0,0,0,0,0,0,0,0,0,0,0,0,0,0,0,0,0,0]
                    },
                    {
                        "sfxID":2,
                        "notes":[0,0,0,0,0,0,0,0,0,0,0,0,0,0,0,0,0,0,0,0,0,0,0,0,0,0,0,0,0,0,0,0]
                    },
                    {
                        "sfxID":3,
                        "notes":[0,0,0,0,0,0,0,0,0,0,0,0,0,0,0,0,0,0,0,0,0,0,0,0,0,0,0,0,0,0,0,0]
                    }
                ]
            },
            {
                "songName":"Untitled9",
                "speedInBPM":120,
                "tracks":
                [
                    {
                        "sfxID":0,
                        "notes":[0,0,0,0,0,0,0,0,0,0,0,0,0,0,0,0,0,0,0,0,0,0,0,0,0,0,0,0,0,0,0,0]
                    },
                    {
                        "sfxID":1,
                        "notes":[0,0,0,0,0,0,0,0,0,0,0,0,0,0,0,0,0,0,0,0,0,0,0,0,0,0,0,0,0,0,0,0]
                    },
                    {
                        "sfxID":2,
                        "notes":[0,0,0,0,0,0,0,0,0,0,0,0,0,0,0,0,0,0,0,0,0,0,0,0,0,0,0,0,0,0,0,0]
                    },
                    {
                        "sfxID":3,
                        "notes":[0,0,0,0,0,0,0,0,0,0,0,0,0,0,0,0,0,0,0,0,0,0,0,0,0,0,0,0,0,0,0,0]
                    }
                ]
            },
            {
                "songName":"Untitled10",
                "speedInBPM":120,
                "tracks":
                [
                    {
                        "sfxID":0,
                        "notes":[0,0,0,0,0,0,0,0,0,0,0,0,0,0,0,0,0,0,0,0,0,0,0,0,0,0,0,0,0,0,0,0]
                    },
                    {
                        "sfxID":1,
                        "notes":[0,0,0,0,0,0,0,0,0,0,0,0,0,0,0,0,0,0,0,0,0,0,0,0,0,0,0,0,0,0,0,0]
                    },
                    {
                        "sfxID":2,
                        "notes":[0,0,0,0,0,0,0,0,0,0,0,0,0,0,0,0,0,0,0,0,0,0,0,0,0,0,0,0,0,0,0,0]
                    },
                    {
                        "sfxID":3,
                        "notes":[0,0,0,0,0,0,0,0,0,0,0,0,0,0,0,0,0,0,0,0,0,0,0,0,0,0,0,0,0,0,0,0]
                    }
                ]
            },
            {
                "songName":"Untitled11",
                "speedInBPM":120,
                "tracks":
                [
                    {
                        "sfxID":0,
                        "notes":[0,0,0,0,0,0,0,0,0,0,0,0,0,0,0,0,0,0,0,0,0,0,0,0,0,0,0,0,0,0,0,0]
                    },
                    {
                        "sfxID":1,
                        "notes":[0,0,0,0,0,0,0,0,0,0,0,0,0,0,0,0,0,0,0,0,0,0,0,0,0,0,0,0,0,0,0,0]
                    },
                    {
                        "sfxID":2,
                        "notes":[0,0,0,0,0,0,0,0,0,0,0,0,0,0,0,0,0,0,0,0,0,0,0,0,0,0,0,0,0,0,0,0]
                    },
                    {
                        "sfxID":3,
                        "notes":[0,0,0,0,0,0,0,0,0,0,0,0,0,0,0,0,0,0,0,0,0,0,0,0,0,0,0,0,0,0,0,0]
                    }
                ]
            },
            {
                "songName":"Untitled12",
                "speedInBPM":120,
                "tracks":
                [
                    {
                        "sfxID":0,
                        "notes":[0,0,0,0,0,0,0,0,0,0,0,0,0,0,0,0,0,0,0,0,0,0,0,0,0,0,0,0,0,0,0,0]
                    },
                    {
                        "sfxID":1,
                        "notes":[0,0,0,0,0,0,0,0,0,0,0,0,0,0,0,0,0,0,0,0,0,0,0,0,0,0,0,0,0,0,0,0]
                    },
                    {
                        "sfxID":2,
                        "notes":[0,0,0,0,0,0,0,0,0,0,0,0,0,0,0,0,0,0,0,0,0,0,0,0,0,0,0,0,0,0,0,0]
                    },
                    {
                        "sfxID":3,
                        "notes":[0,0,0,0,0,0,0,0,0,0,0,0,0,0,0,0,0,0,0,0,0,0,0,0,0,0,0,0,0,0,0,0]
                    }
                ]
            },
            {
                "songName":"Untitled13",
                "speedInBPM":120,
                "tracks":
                [
                    {
                        "sfxID":0,
                        "notes":[0,0,0,0,0,0,0,0,0,0,0,0,0,0,0,0,0,0,0,0,0,0,0,0,0,0,0,0,0,0,0,0]
                    },
                    {
                        "sfxID":1,
                        "notes":[0,0,0,0,0,0,0,0,0,0,0,0,0,0,0,0,0,0,0,0,0,0,0,0,0,0,0,0,0,0,0,0]
                    },
                    {
                        "sfxID":2,
                        "notes":[0,0,0,0,0,0,0,0,0,0,0,0,0,0,0,0,0,0,0,0,0,0,0,0,0,0,0,0,0,0,0,0]
                    },
                    {
                        "sfxID":3,
                        "notes":[0,0,0,0,0,0,0,0,0,0,0,0,0,0,0,0,0,0,0,0,0,0,0,0,0,0,0,0,0,0,0,0]
                    }
                ]
            },
            {
                "songName":"Untitled14",
                "speedInBPM":120,
                "tracks":
                [
                    {
                        "sfxID":0,
                        "notes":[0,0,0,0,0,0,0,0,0,0,0,0,0,0,0,0,0,0,0,0,0,0,0,0,0,0,0,0,0,0,0,0]
                    },
                    {
                        "sfxID":1,
                        "notes":[0,0,0,0,0,0,0,0,0,0,0,0,0,0,0,0,0,0,0,0,0,0,0,0,0,0,0,0,0,0,0,0]
                    },
                    {
                        "sfxID":2,
                        "notes":[0,0,0,0,0,0,0,0,0,0,0,0,0,0,0,0,0,0,0,0,0,0,0,0,0,0,0,0,0,0,0,0]
                    },
                    {
                        "sfxID":3,
                        "notes":[0,0,0,0,0,0,0,0,0,0,0,0,0,0,0,0,0,0,0,0,0,0,0,0,0,0,0,0,0,0,0,0]
                    }
                ]
            },
            {
                "songName":"Untitled15",
                "speedInBPM":120,
                "tracks":
                [
                    {
                        "sfxID":0,
                        "notes":[0,0,0,0,0,0,0,0,0,0,0,0,0,0,0,0,0,0,0,0,0,0,0,0,0,0,0,0,0,0,0,0]
                    },
                    {
                        "sfxID":1,
                        "notes":[0,0,0,0,0,0,0,0,0,0,0,0,0,0,0,0,0,0,0,0,0,0,0,0,0,0,0,0,0,0,0,0]
                    },
                    {
                        "sfxID":2,
                        "notes":[0,0,0,0,0,0,0,0,0,0,0,0,0,0,0,0,0,0,0,0,0,0,0,0,0,0,0,0,0,0,0,0]
                    },
                    {
                        "sfxID":3,
                        "notes":[0,0,0,0,0,0,0,0,0,0,0,0,0,0,0,0,0,0,0,0,0,0,0,0,0,0,0,0,0,0,0,0]
                    }
                ]
            }
        ]
    },
    "PixelVision8.Chips.LuaGameChip":
    {
        "maxSize":384,
        "saveSlots":8,
        "savedData":{
        
        }
    },
    "PixelVision8.Chips.FontChip":{}
}